<annotation>
	<folder>my-project-name</folder>
	<filename>0_t2PkaXNoUj8Me1wx.jpg</filename>
	<path>/my-project-name/0_t2PkaXNoUj8Me1wx.jpg</path>
	<source>
		<database>Unspecified</database>
	</source>
	<size>
		<width>1024</width>
		<height>768</height>
		<depth>3</depth>
	</size>
	<object>
		<name>pineapple</name>
		<pose>Unspecified</pose>
		<truncated>0</truncated>
		<difficult>0</difficult>
		<bndbox>
			<xmin>37</xmin>
			<ymin>74</ymin>
			<xmax>817</xmax>
			<ymax>693</ymax>
		</bndbox>
	</object>
</annotation>