<annotation>
	<folder>my-project-name</folder>
	<filename>36917913666_084f188232_b.jpg</filename>
	<path>/my-project-name/36917913666_084f188232_b.jpg</path>
	<source>
		<database>Unspecified</database>
	</source>
	<size>
		<width>768</width>
		<height>1024</height>
		<depth>3</depth>
	</size>
	<object>
		<name>rotten pineapple</name>
		<pose>Unspecified</pose>
		<truncated>0</truncated>
		<difficult>0</difficult>
		<bndbox>
			<xmin>89</xmin>
			<ymin>39</ymin>
			<xmax>631</xmax>
			<ymax>985</ymax>
		</bndbox>
	</object>
</annotation>