<annotation>
	<folder>my-project-name</folder>
	<filename>43336521402_85a09f7b8c_z.jpg</filename>
	<path>/my-project-name/43336521402_85a09f7b8c_z.jpg</path>
	<source>
		<database>Unspecified</database>
	</source>
	<size>
		<width>426</width>
		<height>639</height>
		<depth>3</depth>
	</size>
	<object>
		<name>pineapple</name>
		<pose>Unspecified</pose>
		<truncated>0</truncated>
		<difficult>0</difficult>
		<bndbox>
			<xmin>17</xmin>
			<ymin>39</ymin>
			<xmax>411</xmax>
			<ymax>633</ymax>
		</bndbox>
	</object>
</annotation>