<annotation>
	<folder>my-project-name</folder>
	<filename>_Pineapple-_0000_Pineapple-Choose-It.png</filename>
	<path>/my-project-name/_Pineapple-_0000_Pineapple-Choose-It.png</path>
	<source>
		<database>Unspecified</database>
	</source>
	<size>
		<width>576</width>
		<height>576</height>
		<depth>3</depth>
	</size>
	<object>
		<name>pineapple</name>
		<pose>Unspecified</pose>
		<truncated>0</truncated>
		<difficult>0</difficult>
		<bndbox>
			<xmin>165</xmin>
			<ymin>17</ymin>
			<xmax>442</xmax>
			<ymax>509</ymax>
		</bndbox>
	</object>
</annotation>