<annotation>
	<folder>my-project-name</folder>
	<filename>Canva-Pineapple.jpg</filename>
	<path>/my-project-name/Canva-Pineapple.jpg</path>
	<source>
		<database>Unspecified</database>
	</source>
	<size>
		<width>1600</width>
		<height>1200</height>
		<depth>3</depth>
	</size>
	<object>
		<name>pineapple</name>
		<pose>Unspecified</pose>
		<truncated>0</truncated>
		<difficult>0</difficult>
		<bndbox>
			<xmin>711</xmin>
			<ymin>338</ymin>
			<xmax>1396</xmax>
			<ymax>981</ymax>
		</bndbox>
	</object>
</annotation>