<annotation>
	<folder>my-project-name</folder>
	<filename>fresh-pineapple-slice-stockcake.jpg</filename>
	<path>/my-project-name/fresh-pineapple-slice-stockcake.jpg</path>
	<source>
		<database>Unspecified</database>
	</source>
	<size>
		<width>728</width>
		<height>408</height>
		<depth>3</depth>
	</size>
	<object>
		<name>pineapple</name>
		<pose>Unspecified</pose>
		<truncated>0</truncated>
		<difficult>0</difficult>
		<bndbox>
			<xmin>176</xmin>
			<ymin>26</ymin>
			<xmax>728</xmax>
			<ymax>401</ymax>
		</bndbox>
	</object>
</annotation>