<annotation>
	<folder>my-project-name</folder>
	<filename>gettyimages-1140830181-612x612.jpg</filename>
	<path>/my-project-name/gettyimages-1140830181-612x612.jpg</path>
	<source>
		<database>Unspecified</database>
	</source>
	<size>
		<width>612</width>
		<height>425</height>
		<depth>3</depth>
	</size>
	<object>
		<name>pineapple</name>
		<pose>Unspecified</pose>
		<truncated>0</truncated>
		<difficult>0</difficult>
		<bndbox>
			<xmin>12</xmin>
			<ymin>96</ymin>
			<xmax>304</xmax>
			<ymax>286</ymax>
		</bndbox>
	</object>
</annotation>