<annotation>
	<folder>my-project-name</folder>
	<filename>half-cut-pineapple-with-fungus-and-bacteria-growing-ER0YDG.jpg</filename>
	<path>/my-project-name/half-cut-pineapple-with-fungus-and-bacteria-growing-ER0YDG.jpg</path>
	<source>
		<database>Unspecified</database>
	</source>
	<size>
		<width>975</width>
		<height>1390</height>
		<depth>3</depth>
	</size>
	<object>
		<name>rotten pineapple</name>
		<pose>Unspecified</pose>
		<truncated>0</truncated>
		<difficult>0</difficult>
		<bndbox>
			<xmin>50</xmin>
			<ymin>109</ymin>
			<xmax>975</xmax>
			<ymax>1258</ymax>
		</bndbox>
	</object>
</annotation>