<annotation>
	<folder>my-project-name</folder>
	<filename>home-grown-pineapple.jpg</filename>
	<path>/my-project-name/home-grown-pineapple.jpg</path>
	<source>
		<database>Unspecified</database>
	</source>
	<size>
		<width>800</width>
		<height>553</height>
		<depth>3</depth>
	</size>
	<object>
		<name>pineapple</name>
		<pose>Unspecified</pose>
		<truncated>0</truncated>
		<difficult>0</difficult>
		<bndbox>
			<xmin>348</xmin>
			<ymin>4</ymin>
			<xmax>577</xmax>
			<ymax>388</ymax>
		</bndbox>
	</object>
</annotation>