<annotation>
	<folder>my-project-name</folder>
	<filename>images (8).jfif</filename>
	<path>/my-project-name/images (8).jfif</path>
	<source>
		<database>Unspecified</database>
	</source>
	<size>
		<width>225</width>
		<height>225</height>
		<depth>3</depth>
	</size>
	<object>
		<name>pineapple</name>
		<pose>Unspecified</pose>
		<truncated>0</truncated>
		<difficult>0</difficult>
		<bndbox>
			<xmin>45</xmin>
			<ymin>18</ymin>
			<xmax>177</xmax>
			<ymax>177</ymax>
		</bndbox>
	</object>
</annotation>