<annotation>
	<folder>my-project-name</folder>
	<filename>images (18).jfif</filename>
	<path>/my-project-name/images (18).jfif</path>
	<source>
		<database>Unspecified</database>
	</source>
	<size>
		<width>272</width>
		<height>186</height>
		<depth>3</depth>
	</size>
	<object>
		<name>pineapple</name>
		<pose>Unspecified</pose>
		<truncated>0</truncated>
		<difficult>0</difficult>
		<bndbox>
			<xmin>84</xmin>
			<ymin>13</ymin>
			<xmax>209</xmax>
			<ymax>160</ymax>
		</bndbox>
	</object>
</annotation>