<annotation>
	<folder>my-project-name</folder>
	<filename>images (25).jfif</filename>
	<path>/my-project-name/images (25).jfif</path>
	<source>
		<database>Unspecified</database>
	</source>
	<size>
		<width>151</width>
		<height>335</height>
		<depth>3</depth>
	</size>
	<object>
		<name>pineapple</name>
		<pose>Unspecified</pose>
		<truncated>0</truncated>
		<difficult>0</difficult>
		<bndbox>
			<xmin>9</xmin>
			<ymin>69</ymin>
			<xmax>140</xmax>
			<ymax>250</ymax>
		</bndbox>
	</object>
</annotation>