<annotation>
	<folder>my-project-name</folder>
	<filename>images (32).jfif</filename>
	<path>/my-project-name/images (32).jfif</path>
	<source>
		<database>Unspecified</database>
	</source>
	<size>
		<width>259</width>
		<height>195</height>
		<depth>3</depth>
	</size>
	<object>
		<name>pineapple</name>
		<pose>Unspecified</pose>
		<truncated>0</truncated>
		<difficult>0</difficult>
		<bndbox>
			<xmin>66</xmin>
			<ymin>21</ymin>
			<xmax>199</xmax>
			<ymax>159</ymax>
		</bndbox>
	</object>
</annotation>