<annotation>
	<folder>my-project-name</folder>
	<filename>images (37).jfif</filename>
	<path>/my-project-name/images (37).jfif</path>
	<source>
		<database>Unspecified</database>
	</source>
	<size>
		<width>318</width>
		<height>158</height>
		<depth>3</depth>
	</size>
	<object>
		<name>pineapple</name>
		<pose>Unspecified</pose>
		<truncated>0</truncated>
		<difficult>0</difficult>
		<bndbox>
			<xmin>94</xmin>
			<ymin>25</ymin>
			<xmax>206</xmax>
			<ymax>158</ymax>
		</bndbox>
	</object>
</annotation>