<annotation>
	<folder>my-project-name</folder>
	<filename>images (30).jfif</filename>
	<path>/my-project-name/images (30).jfif</path>
	<source>
		<database>Unspecified</database>
	</source>
	<size>
		<width>183</width>
		<height>275</height>
		<depth>3</depth>
	</size>
	<object>
		<name>pineapple</name>
		<pose>Unspecified</pose>
		<truncated>0</truncated>
		<difficult>0</difficult>
		<bndbox>
			<xmin>34</xmin>
			<ymin>24</ymin>
			<xmax>154</xmax>
			<ymax>254</ymax>
		</bndbox>
	</object>
</annotation>