<annotation>
	<folder>my-project-name</folder>
	<filename>images (33).jfif</filename>
	<path>/my-project-name/images (33).jfif</path>
	<source>
		<database>Unspecified</database>
	</source>
	<size>
		<width>275</width>
		<height>183</height>
		<depth>3</depth>
	</size>
	<object>
		<name>pineapple</name>
		<pose>Unspecified</pose>
		<truncated>0</truncated>
		<difficult>0</difficult>
		<bndbox>
			<xmin>47</xmin>
			<ymin>14</ymin>
			<xmax>236</xmax>
			<ymax>170</ymax>
		</bndbox>
	</object>
</annotation>