<annotation>
	<folder>my-project-name</folder>
	<filename>images (17).jfif</filename>
	<path>/my-project-name/images (17).jfif</path>
	<source>
		<database>Unspecified</database>
	</source>
	<size>
		<width>225</width>
		<height>225</height>
		<depth>3</depth>
	</size>
	<object>
		<name>rotten pineapple</name>
		<pose>Unspecified</pose>
		<truncated>0</truncated>
		<difficult>0</difficult>
		<bndbox>
			<xmin>65</xmin>
			<ymin>27</ymin>
			<xmax>166</xmax>
			<ymax>208</ymax>
		</bndbox>
	</object>
</annotation>