<annotation>
	<folder>my-project-name</folder>
	<filename>images (27).jfif</filename>
	<path>/my-project-name/images (27).jfif</path>
	<source>
		<database>Unspecified</database>
	</source>
	<size>
		<width>166</width>
		<height>304</height>
		<depth>3</depth>
	</size>
	<object>
		<name>pineapple</name>
		<pose>Unspecified</pose>
		<truncated>0</truncated>
		<difficult>0</difficult>
		<bndbox>
			<xmin>53</xmin>
			<ymin>142</ymin>
			<xmax>100</xmax>
			<ymax>198</ymax>
		</bndbox>
	</object>
</annotation>