<annotation>
	<folder>my-project-name</folder>
	<filename>images (40).jfif</filename>
	<path>/my-project-name/images (40).jfif</path>
	<source>
		<database>Unspecified</database>
	</source>
	<size>
		<width>203</width>
		<height>248</height>
		<depth>3</depth>
	</size>
	<object>
		<name>pineapple</name>
		<pose>Unspecified</pose>
		<truncated>0</truncated>
		<difficult>0</difficult>
		<bndbox>
			<xmin>30</xmin>
			<ymin>20</ymin>
			<xmax>156</xmax>
			<ymax>185</ymax>
		</bndbox>
	</object>
</annotation>