<annotation>
	<folder>my-project-name</folder>
	<filename>images (22).jfif</filename>
	<path>/my-project-name/images (22).jfif</path>
	<source>
		<database>Unspecified</database>
	</source>
	<size>
		<width>259</width>
		<height>194</height>
		<depth>3</depth>
	</size>
	<object>
		<name>pineapple</name>
		<pose>Unspecified</pose>
		<truncated>0</truncated>
		<difficult>0</difficult>
		<bndbox>
			<xmin>54</xmin>
			<ymin>39</ymin>
			<xmax>118</xmax>
			<ymax>150</ymax>
		</bndbox>
	</object>
</annotation>