<annotation>
	<folder>my-project-name</folder>
	<filename>images (42).jfif</filename>
	<path>/my-project-name/images (42).jfif</path>
	<source>
		<database>Unspecified</database>
	</source>
	<size>
		<width>259</width>
		<height>195</height>
		<depth>3</depth>
	</size>
	<object>
		<name>pineapple</name>
		<pose>Unspecified</pose>
		<truncated>0</truncated>
		<difficult>0</difficult>
		<bndbox>
			<xmin>42</xmin>
			<ymin>25</ymin>
			<xmax>113</xmax>
			<ymax>104</ymax>
		</bndbox>
	</object>
</annotation>