<annotation>
	<folder>my-project-name</folder>
	<filename>images (44).jfif</filename>
	<path>/my-project-name/images (44).jfif</path>
	<source>
		<database>Unspecified</database>
	</source>
	<size>
		<width>225</width>
		<height>225</height>
		<depth>3</depth>
	</size>
	<object>
		<name>pineapple</name>
		<pose>Unspecified</pose>
		<truncated>0</truncated>
		<difficult>0</difficult>
		<bndbox>
			<xmin>49</xmin>
			<ymin>28</ymin>
			<xmax>153</xmax>
			<ymax>189</ymax>
		</bndbox>
	</object>
</annotation>