<annotation>
	<folder>my-project-name</folder>
	<filename>images (45).jfif</filename>
	<path>/my-project-name/images (45).jfif</path>
	<source>
		<database>Unspecified</database>
	</source>
	<size>
		<width>300</width>
		<height>168</height>
		<depth>3</depth>
	</size>
	<object>
		<name>pineapple</name>
		<pose>Unspecified</pose>
		<truncated>0</truncated>
		<difficult>0</difficult>
		<bndbox>
			<xmin>102</xmin>
			<ymin>33</ymin>
			<xmax>160</xmax>
			<ymax>135</ymax>
		</bndbox>
	</object>
</annotation>