<annotation>
	<folder>my-project-name</folder>
	<filename>images.jfif</filename>
	<path>/my-project-name/images.jfif</path>
	<source>
		<database>Unspecified</database>
	</source>
	<size>
		<width>194</width>
		<height>259</height>
		<depth>3</depth>
	</size>
	<object>
		<name>pineapple</name>
		<pose>Unspecified</pose>
		<truncated>0</truncated>
		<difficult>0</difficult>
		<bndbox>
			<xmin>33</xmin>
			<ymin>10</ymin>
			<xmax>134</xmax>
			<ymax>222</ymax>
		</bndbox>
	</object>
</annotation>