<annotation>
	<folder>my-project-name</folder>
	<filename>images (26).jfif</filename>
	<path>/my-project-name/images (26).jfif</path>
	<source>
		<database>Unspecified</database>
	</source>
	<size>
		<width>225</width>
		<height>225</height>
		<depth>3</depth>
	</size>
	<object>
		<name>pineapple</name>
		<pose>Unspecified</pose>
		<truncated>0</truncated>
		<difficult>0</difficult>
		<bndbox>
			<xmin>72</xmin>
			<ymin>42</ymin>
			<xmax>161</xmax>
			<ymax>205</ymax>
		</bndbox>
	</object>
</annotation>