<annotation>
	<folder>my-project-name</folder>
	<filename>images (35).jfif</filename>
	<path>/my-project-name/images (35).jfif</path>
	<source>
		<database>Unspecified</database>
	</source>
	<size>
		<width>206</width>
		<height>245</height>
		<depth>3</depth>
	</size>
	<object>
		<name>pineapple</name>
		<pose>Unspecified</pose>
		<truncated>0</truncated>
		<difficult>0</difficult>
		<bndbox>
			<xmin>13</xmin>
			<ymin>38</ymin>
			<xmax>203</xmax>
			<ymax>217</ymax>
		</bndbox>
	</object>
</annotation>