<annotation>
	<folder>my-project-name</folder>
	<filename>images (50).jfif</filename>
	<path>/my-project-name/images (50).jfif</path>
	<source>
		<database>Unspecified</database>
	</source>
	<size>
		<width>168</width>
		<height>300</height>
		<depth>3</depth>
	</size>
	<object>
		<name>pineapple</name>
		<pose>Unspecified</pose>
		<truncated>0</truncated>
		<difficult>0</difficult>
		<bndbox>
			<xmin>28</xmin>
			<ymin>16</ymin>
			<xmax>144</xmax>
			<ymax>284</ymax>
		</bndbox>
	</object>
</annotation>