<annotation>
	<folder>my-project-name</folder>
	<filename>images (31).jfif</filename>
	<path>/my-project-name/images (31).jfif</path>
	<source>
		<database>Unspecified</database>
	</source>
	<size>
		<width>300</width>
		<height>168</height>
		<depth>3</depth>
	</size>
	<object>
		<name>pineapple</name>
		<pose>Unspecified</pose>
		<truncated>0</truncated>
		<difficult>0</difficult>
		<bndbox>
			<xmin>186</xmin>
			<ymin>69</ymin>
			<xmax>280</xmax>
			<ymax>167</ymax>
		</bndbox>
	</object>
</annotation>