<annotation>
	<folder>my-project-name</folder>
	<filename>istockphoto-472054061-612x612.jpg</filename>
	<path>/my-project-name/istockphoto-472054061-612x612.jpg</path>
	<source>
		<database>Unspecified</database>
	</source>
	<size>
		<width>612</width>
		<height>612</height>
		<depth>3</depth>
	</size>
	<object>
		<name>pineapple</name>
		<pose>Unspecified</pose>
		<truncated>0</truncated>
		<difficult>0</difficult>
		<bndbox>
			<xmin>41</xmin>
			<ymin>36</ymin>
			<xmax>602</xmax>
			<ymax>608</ymax>
		</bndbox>
	</object>
</annotation>