<annotation>
	<folder>my-project-name</folder>
	<filename>istockphoto-1141377960-612x612.jpg</filename>
	<path>/my-project-name/istockphoto-1141377960-612x612.jpg</path>
	<source>
		<database>Unspecified</database>
	</source>
	<size>
		<width>612</width>
		<height>408</height>
		<depth>3</depth>
	</size>
	<object>
		<name>pineapple</name>
		<pose>Unspecified</pose>
		<truncated>0</truncated>
		<difficult>0</difficult>
		<bndbox>
			<xmin>231</xmin>
			<ymin>25</ymin>
			<xmax>455</xmax>
			<ymax>397</ymax>
		</bndbox>
	</object>
</annotation>