<annotation>
	<folder>my-project-name</folder>
	<filename>l-intro-1649432409.jpg</filename>
	<path>/my-project-name/l-intro-1649432409.jpg</path>
	<source>
		<database>Unspecified</database>
	</source>
	<size>
		<width>1600</width>
		<height>900</height>
		<depth>3</depth>
	</size>
	<object>
		<name>pineapple</name>
		<pose>Unspecified</pose>
		<truncated>0</truncated>
		<difficult>0</difficult>
		<bndbox>
			<xmin>451</xmin>
			<ymin>35</ymin>
			<xmax>1264</xmax>
			<ymax>876</ymax>
		</bndbox>
	</object>
</annotation>