<annotation>
	<folder>my-project-name</folder>
	<filename>many-uses-of-a-pineapple-recipe-main-photo.jpg</filename>
	<path>/my-project-name/many-uses-of-a-pineapple-recipe-main-photo.jpg</path>
	<source>
		<database>Unspecified</database>
	</source>
	<size>
		<width>680</width>
		<height>482</height>
		<depth>3</depth>
	</size>
	<object>
		<name>pineapple</name>
		<pose>Unspecified</pose>
		<truncated>0</truncated>
		<difficult>0</difficult>
		<bndbox>
			<xmin>288</xmin>
			<ymin>177</ymin>
			<xmax>439</xmax>
			<ymax>371</ymax>
		</bndbox>
	</object>
</annotation>