<annotation>
	<folder>my-project-name</folder>
	<filename>pineapple.jpg</filename>
	<path>/my-project-name/pineapple.jpg</path>
	<source>
		<database>Unspecified</database>
	</source>
	<size>
		<width>500</width>
		<height>500</height>
		<depth>3</depth>
	</size>
	<object>
		<name>pineapple</name>
		<pose>Unspecified</pose>
		<truncated>0</truncated>
		<difficult>0</difficult>
		<bndbox>
			<xmin>150</xmin>
			<ymin>59</ymin>
			<xmax>307</xmax>
			<ymax>427</ymax>
		</bndbox>
	</object>
</annotation>