<annotation>
	<folder>my-project-name</folder>
	<filename>pineapple1.jpg</filename>
	<path>/my-project-name/pineapple1.jpg</path>
	<source>
		<database>Unspecified</database>
	</source>
	<size>
		<width>1200</width>
		<height>1008</height>
		<depth>3</depth>
	</size>
	<object>
		<name>pineapple</name>
		<pose>Unspecified</pose>
		<truncated>0</truncated>
		<difficult>0</difficult>
		<bndbox>
			<xmin>483</xmin>
			<ymin>129</ymin>
			<xmax>769</xmax>
			<ymax>1008</ymax>
		</bndbox>
	</object>
</annotation>