<annotation>
	<folder>my-project-name</folder>
	<filename>pineapple-fruit-rotting-on-the-plant-photo.jpg</filename>
	<path>/my-project-name/pineapple-fruit-rotting-on-the-plant-photo.jpg</path>
	<source>
		<database>Unspecified</database>
	</source>
	<size>
		<width>2940</width>
		<height>1960</height>
		<depth>3</depth>
	</size>
	<object>
		<name>rotten pineapple</name>
		<pose>Unspecified</pose>
		<truncated>0</truncated>
		<difficult>0</difficult>
		<bndbox>
			<xmin>117</xmin>
			<ymin>327</ymin>
			<xmax>2870</xmax>
			<ymax>1942</ymax>
		</bndbox>
	</object>
</annotation>