<annotation>
	<folder>my-project-name</folder>
	<filename>Screenshot_14-5-2025_172534_.jpeg</filename>
	<path>/my-project-name/Screenshot_14-5-2025_172534_.jpeg</path>
	<source>
		<database>Unspecified</database>
	</source>
	<size>
		<width>304</width>
		<height>520</height>
		<depth>3</depth>
	</size>
	<object>
		<name>pineapple</name>
		<pose>Unspecified</pose>
		<truncated>0</truncated>
		<difficult>0</difficult>
		<bndbox>
			<xmin>111</xmin>
			<ymin>80</ymin>
			<xmax>207</xmax>
			<ymax>264</ymax>
		</bndbox>
	</object>
</annotation>