<annotation>
	<folder>my-project-name</folder>
	<filename>Screenshot_14-5-2025_172510_.jpeg</filename>
	<path>/my-project-name/Screenshot_14-5-2025_172510_.jpeg</path>
	<source>
		<database>Unspecified</database>
	</source>
	<size>
		<width>464</width>
		<height>554</height>
		<depth>3</depth>
	</size>
	<object>
		<name>rotten pineapple</name>
		<pose>Unspecified</pose>
		<truncated>0</truncated>
		<difficult>0</difficult>
		<bndbox>
			<xmin>126</xmin>
			<ymin>35</ymin>
			<xmax>357</xmax>
			<ymax>458</ymax>
		</bndbox>
	</object>
</annotation>