<annotation>
	<folder>my-project-name</folder>
	<filename>Screenshot_14-5-2025_172432_.jpeg</filename>
	<path>/my-project-name/Screenshot_14-5-2025_172432_.jpeg</path>
	<source>
		<database>Unspecified</database>
	</source>
	<size>
		<width>941</width>
		<height>620</height>
		<depth>3</depth>
	</size>
	<object>
		<name>pineapple</name>
		<pose>Unspecified</pose>
		<truncated>0</truncated>
		<difficult>0</difficult>
		<bndbox>
			<xmin>263</xmin>
			<ymin>440</ymin>
			<xmax>443</xmax>
			<ymax>533</ymax>
		</bndbox>
	</object>
</annotation>