<annotation>
	<folder>my-project-name</folder>
	<filename>Screenshot_14-5-2025_172821_.jpeg</filename>
	<path>/my-project-name/Screenshot_14-5-2025_172821_.jpeg</path>
	<source>
		<database>Unspecified</database>
	</source>
	<size>
		<width>388</width>
		<height>232</height>
		<depth>3</depth>
	</size>
	<object>
		<name>pineapple</name>
		<pose>Unspecified</pose>
		<truncated>0</truncated>
		<difficult>0</difficult>
		<bndbox>
			<xmin>15</xmin>
			<ymin>53</ymin>
			<xmax>380</xmax>
			<ymax>213</ymax>
		</bndbox>
	</object>
</annotation>