<annotation>
	<folder>my-project-name</folder>
	<filename>Screenshot_14-5-2025_172728_.jpeg</filename>
	<path>/my-project-name/Screenshot_14-5-2025_172728_.jpeg</path>
	<source>
		<database>Unspecified</database>
	</source>
	<size>
		<width>638</width>
		<height>604</height>
		<depth>3</depth>
	</size>
	<object>
		<name>pineapple</name>
		<pose>Unspecified</pose>
		<truncated>0</truncated>
		<difficult>0</difficult>
		<bndbox>
			<xmin>39</xmin>
			<ymin>18</ymin>
			<xmax>601</xmax>
			<ymax>597</ymax>
		</bndbox>
	</object>
</annotation>