<annotation>
	<folder>my-project-name</folder>
	<filename>Screenshot_14-5-2025_172551_.jpeg</filename>
	<path>/my-project-name/Screenshot_14-5-2025_172551_.jpeg</path>
	<source>
		<database>Unspecified</database>
	</source>
	<size>
		<width>762</width>
		<height>515</height>
		<depth>3</depth>
	</size>
	<object>
		<name>rotten pineapple</name>
		<pose>Unspecified</pose>
		<truncated>0</truncated>
		<difficult>0</difficult>
		<bndbox>
			<xmin>254</xmin>
			<ymin>63</ymin>
			<xmax>762</xmax>
			<ymax>515</ymax>
		</bndbox>
	</object>
</annotation>