<annotation>
	<folder>my-project-name</folder>
	<filename>Screenshot_14-5-2025_172756_.jpeg</filename>
	<path>/my-project-name/Screenshot_14-5-2025_172756_.jpeg</path>
	<source>
		<database>Unspecified</database>
	</source>
	<size>
		<width>608</width>
		<height>616</height>
		<depth>3</depth>
	</size>
	<object>
		<name>pineapple</name>
		<pose>Unspecified</pose>
		<truncated>0</truncated>
		<difficult>0</difficult>
		<bndbox>
			<xmin>24</xmin>
			<ymin>10</ymin>
			<xmax>363</xmax>
			<ymax>587</ymax>
		</bndbox>
	</object>
</annotation>