<annotation>
	<folder>my-project-name</folder>
	<filename>Screenshot_14-5-2025_172744_.jpeg</filename>
	<path>/my-project-name/Screenshot_14-5-2025_172744_.jpeg</path>
	<source>
		<database>Unspecified</database>
	</source>
	<size>
		<width>564</width>
		<height>399</height>
		<depth>3</depth>
	</size>
	<object>
		<name>pineapple</name>
		<pose>Unspecified</pose>
		<truncated>0</truncated>
		<difficult>0</difficult>
		<bndbox>
			<xmin>77</xmin>
			<ymin>40</ymin>
			<xmax>418</xmax>
			<ymax>387</ymax>
		</bndbox>
	</object>
</annotation>