<annotation>
	<folder>my-project-name</folder>
	<filename>Banana_13online.jpg</filename>
	<path>/my-project-name/Banana_13online.jpg</path>
	<source>
		<database>Unspecified</database>
	</source>
	<size>
		<width>540</width>
		<height>360</height>
		<depth>3</depth>
	</size>
	<object>
		<name>rotten banana</name>
		<pose>Unspecified</pose>
		<truncated>0</truncated>
		<difficult>0</difficult>
		<bndbox>
			<xmin>42</xmin>
			<ymin>32</ymin>
			<xmax>485</xmax>
			<ymax>329</ymax>
		</bndbox>
	</object>
</annotation>