<annotation>
	<folder>my-project-name</folder>
	<filename>Banana_6online.jpg</filename>
	<path>/my-project-name/Banana_6online.jpg</path>
	<source>
		<database>Unspecified</database>
	</source>
	<size>
		<width>1500</width>
		<height>1402</height>
		<depth>3</depth>
	</size>
	<object>
		<name>banana</name>
		<pose>Unspecified</pose>
		<truncated>0</truncated>
		<difficult>0</difficult>
		<bndbox>
			<xmin>205</xmin>
			<ymin>108</ymin>
			<xmax>1421</xmax>
			<ymax>1220</ymax>
		</bndbox>
	</object>
</annotation>