<annotation>
	<folder>my-project-name</folder>
	<filename>Banana_9online.jpg</filename>
	<path>/my-project-name/Banana_9online.jpg</path>
	<source>
		<database>Unspecified</database>
	</source>
	<size>
		<width>600</width>
		<height>438</height>
		<depth>3</depth>
	</size>
	<object>
		<name>banana</name>
		<pose>Unspecified</pose>
		<truncated>0</truncated>
		<difficult>0</difficult>
		<bndbox>
			<xmin>123</xmin>
			<ymin>53</ymin>
			<xmax>432</xmax>
			<ymax>428</ymax>
		</bndbox>
	</object>
</annotation>