<annotation>
	<folder>my-project-name</folder>
	<filename>Banana_8online.jpg</filename>
	<path>/my-project-name/Banana_8online.jpg</path>
	<source>
		<database>Unspecified</database>
	</source>
	<size>
		<width>1200</width>
		<height>1200</height>
		<depth>3</depth>
	</size>
	<object>
		<name>banana</name>
		<pose>Unspecified</pose>
		<truncated>0</truncated>
		<difficult>0</difficult>
		<bndbox>
			<xmin>171</xmin>
			<ymin>462</ymin>
			<xmax>1106</xmax>
			<ymax>864</ymax>
		</bndbox>
	</object>
</annotation>