<annotation>
	<folder>my-project-name</folder>
	<filename>Banana_10online.jpg</filename>
	<path>/my-project-name/Banana_10online.jpg</path>
	<source>
		<database>Unspecified</database>
	</source>
	<size>
		<width>1038</width>
		<height>1390</height>
		<depth>3</depth>
	</size>
	<object>
		<name>peeled banana</name>
		<pose>Unspecified</pose>
		<truncated>0</truncated>
		<difficult>0</difficult>
		<bndbox>
			<xmin>88</xmin>
			<ymin>123</ymin>
			<xmax>1027</xmax>
			<ymax>1237</ymax>
		</bndbox>
	</object>
</annotation>