<annotation>
	<folder>my-project-name</folder>
	<filename>Banana_12online.jpg</filename>
	<path>/my-project-name/Banana_12online.jpg</path>
	<source>
		<database>Unspecified</database>
	</source>
	<size>
		<width>612</width>
		<height>408</height>
		<depth>3</depth>
	</size>
	<object>
		<name>rotten banana</name>
		<pose>Unspecified</pose>
		<truncated>0</truncated>
		<difficult>0</difficult>
		<bndbox>
			<xmin>55</xmin>
			<ymin>26</ymin>
			<xmax>570</xmax>
			<ymax>378</ymax>
		</bndbox>
	</object>
</annotation>