<annotation>
	<folder>my-project-name</folder>
	<filename>bananna.jpg</filename>
	<path>/my-project-name/bananna.jpg</path>
	<source>
		<database>Unspecified</database>
	</source>
	<size>
		<width>1600</width>
		<height>1198</height>
		<depth>3</depth>
	</size>
	<object>
		<name>banana</name>
		<pose>Unspecified</pose>
		<truncated>0</truncated>
		<difficult>0</difficult>
		<bndbox>
			<xmin>106</xmin>
			<ymin>159</ymin>
			<xmax>1511</xmax>
			<ymax>1099</ymax>
		</bndbox>
	</object>
</annotation>