<annotation>
	<folder>my-project-name</folder>
	<filename>green-banana.jpg</filename>
	<path>/my-project-name/green-banana.jpg</path>
	<source>
		<database>Unspecified</database>
	</source>
	<size>
		<width>1200</width>
		<height>628</height>
		<depth>3</depth>
	</size>
	<object>
		<name>banana</name>
		<pose>Unspecified</pose>
		<truncated>0</truncated>
		<difficult>0</difficult>
		<bndbox>
			<xmin>72</xmin>
			<ymin>57</ymin>
			<xmax>1119</xmax>
			<ymax>490</ymax>
		</bndbox>
	</object>
</annotation>