<annotation>
	<folder>my-project-name</folder>
	<filename>images (3).jfif</filename>
	<path>/my-project-name/images (3).jfif</path>
	<source>
		<database>Unspecified</database>
	</source>
	<size>
		<width>276</width>
		<height>183</height>
		<depth>3</depth>
	</size>
	<object>
		<name>banana</name>
		<pose>Unspecified</pose>
		<truncated>0</truncated>
		<difficult>0</difficult>
		<bndbox>
			<xmin>43</xmin>
			<ymin>65</ymin>
			<xmax>242</xmax>
			<ymax>165</ymax>
		</bndbox>
	</object>
</annotation>