<annotation>
	<folder>my-project-name</folder>
	<filename>images (4).jfif</filename>
	<path>/my-project-name/images (4).jfif</path>
	<source>
		<database>Unspecified</database>
	</source>
	<size>
		<width>225</width>
		<height>225</height>
		<depth>3</depth>
	</size>
	<object>
		<name>banana</name>
		<pose>Unspecified</pose>
		<truncated>0</truncated>
		<difficult>0</difficult>
		<bndbox>
			<xmin>9</xmin>
			<ymin>11</ymin>
			<xmax>220</xmax>
			<ymax>214</ymax>
		</bndbox>
	</object>
</annotation>