<annotation>
	<folder>my-project-name</folder>
	<filename>single-ripe-short-banana-on-an-isolated-white-background-TRK91E.jpg</filename>
	<path>/my-project-name/single-ripe-short-banana-on-an-isolated-white-background-TRK91E.jpg</path>
	<source>
		<database>Unspecified</database>
	</source>
	<size>
		<width>1300</width>
		<height>956</height>
		<depth>3</depth>
	</size>
	<object>
		<name>banana</name>
		<pose>Unspecified</pose>
		<truncated>0</truncated>
		<difficult>0</difficult>
		<bndbox>
			<xmin>102</xmin>
			<ymin>196</ymin>
			<xmax>1229</xmax>
			<ymax>625</ymax>
		</bndbox>
	</object>
</annotation>