<annotation>
	<folder>my-project-name</folder>
	<filename>top-view-of-a-small-banana-on-a-marble-cutting-board-G33EMJ.jpg</filename>
	<path>/my-project-name/top-view-of-a-small-banana-on-a-marble-cutting-board-G33EMJ.jpg</path>
	<source>
		<database>Unspecified</database>
	</source>
	<size>
		<width>1300</width>
		<height>990</height>
		<depth>3</depth>
	</size>
	<object>
		<name>banana</name>
		<pose>Unspecified</pose>
		<truncated>0</truncated>
		<difficult>0</difficult>
		<bndbox>
			<xmin>182</xmin>
			<ymin>135</ymin>
			<xmax>1108</xmax>
			<ymax>773</ymax>
		</bndbox>
	</object>
</annotation>